title,labels,type,difficulty,time,notes
Tomato Soup,"warm, vegetarian, comfort",Lunch,Easy,20,Cozy and easy
Fruit Salad,"cold, fast, light",Breakfast,Easy,10,Refreshing
Chicken Stir Fry,"warm, fast, high-protein",Dinner,Medium,25,Quick dinner option
Pasta Primavera,"warm, family, vegetarian",Dinner,Easy,30,Simple family favorite
Salad Bowl,"cold, light, cheap",Lunch,Easy,15,Fresh and cheap
Oatmeal with Fruit,"warm, breakfast, cheap",Breakfast,Easy,10,Very simple
Baked Salmon,"warm, high-protein, dinner",Dinner,Medium,35,Healthy and filling
Rice and Beans,"warm, cheap, family",Dinner,Easy,25,Budget-friendly classic
Smoothie Bowl,"cold, fast, breakfast",Breakfast,Easy,12,Great for busy mornings
Veggie Wrap,"cold, lunch, vegetarian",Lunch,Easy,15,Portable and quick
Soup and Toast,"warm, cheap, comfort",Lunch,Easy,18,Easy lunch idea
Greek Yogurt Parfait,"cold, fast, breakfast",Breakfast,Easy,8,Simple and fresh
Coconut Curry,"warm, vegetarian, family",Dinner,Medium,30,Comfort meal
Tuna Salad,"cold, high-protein, lunch",Lunch,Easy,15,Protein-packed
Pancakes,"warm, breakfast, family",Breakfast,Medium,25,Weekend favorite
